feature,separability_score
ch0,21.57553459658962
ch6,19.72223378071319
ch9,13.24511117989079
ch3,12.17500788348673
ch11,11.552078883753468
ch7,11.1816428264197
ch12,9.567261580325198
ch4,7.258785637595212
ch10,6.2878529266798715
ch1,5.989964921456364
ch13,4.237519402544042
ch8,3.943497153584489
ch2,1.7217392803104195
ch5,0.1187732334448821
