feature,separability_score
ch0,7.800375603225664
ch6,7.63482810057582
ch9,6.865901059903315
ch7,6.639581090311554
ch11,5.984788721768656
ch12,5.031303509733856
ch1,4.391199831436536
ch3,4.1208723408948496
ch10,3.587489104240639
ch8,3.04611277146809
ch13,2.900326025402925
ch4,2.6515723357896865
ch2,1.3800057860399781
ch5,0.09637722633550026
