,ch0,ch1,ch2,ch3,ch4,ch5,ch6,ch7,ch8,ch9,ch10,ch11,ch12,ch13
ADB_mean,11721.33245638768,5489.398620643187,31434.848108919854,27492.78907268343,20636.270546619413,38698.76364677634,9895.91681326825,2928.72476647266,25374.99155744071,7666.166364810444,10146.7298429148,4736.240951562106,28249.25774327579,3082.984398332312
ADB_std,3552.479905988953,2237.9672915082133,8314.236245969434,3241.8488323903816,1692.2127117018256,1718.7940602000265,2197.351264793866,692.1091841783146,7213.875701436205,1693.3038414189564,1844.7113706355306,1494.7596246786684,6668.671215381077,390.7540592243074
UFB_mean,21338.966778313355,17506.437168692286,49419.285942410745,37296.76639155796,24887.72550184439,38378.51802727355,18727.4243749854,6622.553466126279,68254.15444863123,15485.155468497818,17560.732876323826,9432.844508431572,50116.17356868244,3677.237962460685
UFB_std,1957.6574943073244,5339.030763497894,15383.792793551207,2136.1980396033478,1176.2795231447699,2599.9077719348525,1942.3867862672917,1117.242894675948,22740.96679043106,2224.7327793351164,3064.2761869714373,1467.7464108453453,7366.6692113843,245.91777068228342
WFB_mean,8842.12497222536,4060.0033745783935,25828.325712166064,23562.16810195121,18638.844320386914,37822.86982431628,7623.826793241479,2498.058832042935,21086.168031593763,6292.788378956769,8847.990783740363,3219.0286363234245,20936.87102510202,2669.6228068929872
WFB_std,1845.5127029044982,1296.0190848969887,9304.729430243668,3306.149809418724,1998.962173288783,1872.172665288396,1574.3086515545015,522.6297878451895,6857.297257214075,1195.9294367553614,1637.9844306695218,1090.0030076090043,5892.917738233668,423.2250139315067
