feature,separability_score
ch0,62.62574924315761
ch6,42.38570715556985
ch3,34.52328458030521
ch11,27.28690391924003
ch9,22.35033928629237
ch12,21.16579867300163
ch4,17.776470885407125
ch7,17.15846995088646
ch1,13.448471638445607
ch10,12.190499701099561
ch8,8.552888191177626
ch13,6.64227531163433
ch2,5.5522833679161865
ch5,0.6855199791287648
