feature,separability_score
ch0,21.57553459658962
ch6,19.72223378071319
ch3,13.431741401196774
ch9,13.24511117989079
ch7,12.043617148226954
ch11,11.552078883753468
ch12,9.567261580325198
ch4,8.303718037033274
ch10,6.662711715751756
ch1,5.989964921456364
ch13,4.237519402544042
ch8,4.138118526021815
ch2,1.7217392803104195
ch5,0.32907622325283004
